{
  "id": "glossy-touch",
  "name": "Glossy Touch",
  "category": "Portfolio",
  "description": "Modern glass-morphism template with hero, about, services, and contact sections.",
  "image": "assets/hero.jpg",
  "modules": [
    { "id": "navigation", "label": "Navigation Bar" },
    { "id": "hero", "label": "Hero Section" },
    { "id": "about", "label": "About Section" },
    { "id": "services", "label": "Services Section" },
    { "id": "contact", "label": "Contact Section" },
    { "id": "footer", "label": "Footer" }
  ],
  "fields": {
    "site.title": { "label": "Page Title", "default": "Glossy Touch - Modern Glass Design" },
    "hero.title": { "label": "Hero Title", "default": "Welcome to the Future" },
    "hero.text": { "label": "Hero Description", "default": "Experience cutting-edge glass morphism design that brings depth and elegance to modern web interfaces." },
    "hero.button": { "label": "Button Text", "default": "Learn More" },
    "hero.image": { "label": "Hero Image", "default": "assets/hero.jpg" }
  },
  "themes": [
    {
      "id": "dark",
      "name": "Dark Mode",
      "colors": {
        "--bg-color": "#0c0c0c",
        "--accent": "#a0616a",
        "--text": "#ffffff"
      }
    },
    {
      "id": "light",
      "name": "Light Mode",
      "colors": {
        "--bg-color": "#ffffff",
        "--accent": "#ff6b81",
        "--text": "#333333"
      }
    }
  ]
}
